ID,Description,GeneRatio,BgRatio,pvalue,p.adjust,qvalue,geneID,Count
hsa05200,Pathways in cancer,292/4061,395/7241,3.67987126612682e-14,1.11500099363643e-11,6.701239253052e-12,596/1026/1869/1021/355/5728/10125/6774/7048/5925/2771/1956/5894/3845/1027/3815/185/2113/4087/115/3480/7046/7471/595/4609/7184/3725/4436/7422/89780/3716/5601/861/324/26060/23365/2776/59345/4318/5295/5337/5747/25780/6502/7040/7042/7474/207/9915/650/836/841/842/23624/999/1017/1284/1286/1287/7852/1857/356/8074/2254/2261/2335/7855/2736/10672/2784/10681/2950/3675/3909/4193/4790/5155/5156/9063/5330/5332/6257/7170/7185/7187/112399/2768/2885/5567/4089/8313/898/2247/2782/3673/5888/862/1399/675/1029/1398/2353/8321/8322/8324/3685/3688/2956/4824/5468/5979/6932/7473/54205/8772/2246/3918/5605/5291/5970/7479/8030/2773/5604/5743/51384/7472/2308/1499/1856/1871/4312/6776/4233/6777/27006/2770/83439/1019/1436/1495/1870/2778/2932/3728/5879/387/4088/6688/330/998/1030/3320/5578/7175/2260/3326/51176/5599/4149/4791/5880/8325/598/867/8326/2787/3569/2475/4893/5336/5915/6789/5154/1387/3479/331/3066/10000/9134/1147/8453/2252/8323/55970/8517/3915/83593/7157/7704/1613/2034/2149/9002/3091/9170/5594/4313/4437/5290/5579/5734/6921/6934/208/637/1282/2064/2257/7428/9138/1164/1487/3082/4843/2033/2277/6655/54361/8312/112398/2788/3065/5335/5467/9978/6923/10342/7039/9618/332/3576/2737/5296/7482/1612/405/6093/7480/9475/5293/8503/5898/2535/64399/10928/3265/5900/25/1909/54583/8031/367/5602/4254/4286/5159/2250/3655/6654/581/6256/7424/80326/6387/2263/11186/3551/1902/4292/4792/107/5595/5371/5727/26281/2256/3912/2783/2786/7189/5881/2259/23236/6469/7188/5733/7423/113/3911/9965/7483,292
hsa04110,Cell cycle,105/4061,124/7241,7.11402444792832e-12,1.06695498435254e-09,6.41247914861873e-10,8243/1026/1869/993/1021/5925/1027/1028/4087/7534/9184/9700/595/4609/8555/5933/6502/10735/7040/7042/64682/25847/994/1017/1032/1647/4172/4193/5111/10274/4089/898/7465/7533/10393/701/8556/991/8317/1029/4085/4175/5885/7272/10912/1875/1871/890/891/1019/1870/2932/5347/4088/5934/1030/896/990/1111/4173/4174/4176/9088/9133/1387/7531/7532/10971/545/3066/894/9134/996/983/5000/7157/9232/8379/472/11200/23594/2033/3065/5001/9978/9126/51433/8881/4998/7529/10926/7027/25/995/1874/699/5591/51434/1022/4171/4999/8697/7029/8318/6500,105
hsa05203,Viral carcinogenesis,158/4061,201/7241,1.05639107361638e-11,1.06695498435254e-09,6.41247914861873e-10,1026/1021/6774/5925/3845/1027/7534/595/2965/3725/3716/5933/1386/1654/1739/2957/3190/5295/6502/7874/9114/718/836/841/1017/9093/1960/2958/10014/8347/8346/440689/8370/554313/8850/4193/28973/4790/5366/5700/27044/6722/7185/7187/1959/2885/5567/898/1385/8349/7533/991/1029/3572/5291/5970/3105/4067/6714/2960/6776/6777/890/55697/1019/5879/387/23352/5934/578/998/1030/10488/5610/3516/7337/896/87/1108/1111/1642/4791/81/3017/85236/4893/22938/1387/3107/7531/7532/10971/3066/894/9134/983/8517/9261/5966/9519/7157/728340/2967/83933/8339/8970/8364/2648/5594/5290/8379/8367/8363/121504/2033/8343/8344/8294/8359/8360/8361/8362/8365/8366/8368/3106/64764/3065/3133/5315/5829/3134/5296/3135/7529/2961/5293/8503/10013/3265/1234/5922/6850/581/1233/8348/5902/23513/10379/4792/468/9734/5595/128312/8341/2959/7188/9586,158
hsa05215,Prostate cancer,76/4061,87/7241,2.64591161452411e-10,1.96077160389404e-08,1.17843837927278e-08,596/1026/1869/5728/5925/1956/5894/3845/1027/3480/595/7184/80310/5295/207/842/1017/2950/4193/4790/5155/5156/2885/898/1385/4824/6932/5605/56034/5291/5970/5604/2308/1499/1871/83439/1870/2932/10488/3320/2260/3326/51176/2475/4893/5154/1387/3479/10000/9134/1147/8517/7157/5594/5170/5290/6934/208/2064/2033/6655/64764/7039/5296/5293/8503/3265/367/5159/6654/2263/3551/4792/468/5595/9586,76
hsa01521,EGFR tyrosine kinase inhibitor resistance,70/4061,79/7241,3.23559670609577e-10,1.96077160389404e-08,1.17843837927278e-08,596/5728/6774/1956/5894/2065/3845/2309/3717/3480/7422/10018/2549/3716/80310/5295/207/2261/5155/5156/6199/2885/2247/6198/1977/5605/56034/5291/5604/6714/4233/6464/558/9470/2932/5578/598/3569/2475/4893/5336/5154/6194/3479/4763/10000/5594/5290/5579/208/2064/3570/3082/25759/6655/1978/5335/53358/7039/5296/5293/8503/3265/5159/3791/6654/581/2263/5595/399694,70
hsa04120,Ubiquitin mediated proteolysis,111/4061,137/7241,4.80802327793834e-10,2.42805175535886e-08,1.45927724049707e-08,672/4214/6502/51366/64682/25847/23624/1643/1161/9817/4193/5071/9063/10273/7324/3093/9690/89910/8451/55294/55585/54926/10393/991/8065/26272/8924/7321/7322/55284/8916/8945/7334/8450/55070/26091/8651/22954/10054/9039/7323/7328/118424/83737/330/7337/1642/11065/867/10075/9616/331/9021/996/8453/8452/64326/57154/92912/9354/6921/4591/27338/22888/10401/7428/11059/9886/7319/11060/8925/9978/6923/9320/65264/10277/51433/8881/51465/7332/9040/63893/23291/7320/55120/10055/51619/64750/7317/23759/7327/7325/10477/7329/7326/51434/23221/5371/8554/6477/27339/23295/55236/7189/8697/26259/140739/55958/134111/4281/6500,111
hsa05166,HTLV-I infection,190/4061,256/7241,7.54927186591338e-10,3.26775625053108e-08,1.96394591398949e-08,1026/1869/7048/5925/3845/2113/4087/115/9184/7046/7471/595/4609/3725/4602/89780/3716/324/1386/1739/4214/5295/7040/7042/7474/207/64682/467/1857/7855/7850/3689/8850/6416/4790/5111/5155/5156/57804/54107/5534/5971/22800/6722/1959/5567/4089/1385/10714/10393/466/701/991/1029/1958/2353/8321/8322/8324/3600/3554/4085/7473/7514/64784/5291/56655/5970/7479/4801/8829/51384/7472/3105/1499/1856/1871/3383/4603/6776/6777/4215/7417/2002/5901/55697/1019/1870/2932/4088/6688/94241/7412/1030/896/1111/5599/4791/5424/5426/5427/7015/8325/598/9133/1390/8326/3569/4893/8295/7494/5154/1387/2224/3107/7132/331/545/10000/821/894/996/1147/2005/8323/8517/9519/6929/7157/2648/9020/5290/9232/7416/208/472/11200/292/2033/3106/54361/200186/3133/4605/7094/115650/51433/8881/3134/5296/7482/8498/3135/7480/5532/3109/5293/8503/2535/3265/5530/811/7124/5425/958/5159/581/3122/80326/23373/83660/7538/5902/3551/3113/3558/51434/4792/468/915/107/293/291/8697/2114/113/3559/3560/4488/7483,190
hsa05205,Proteoglycans in cancer,155/4061,203/7241,8.98896263698927e-10,3.29249156575412e-08,1.97881202319077e-08,1026/355/27250/6774/7078/7057/1956/5058/5894/3236/2065/3845/4087/3480/7471/595/4609/7422/89780/2549/23365/4318/5295/5747/7040/7042/7099/7474/207/836/857/858/23624/356/2335/7855/4193/6199/22800/7448/3678/1655/10818/2885/5567/2247/3673/6198/8321/8322/8324/1839/8826/3685/3688/4478/5328/51196/5499/5500/4659/7473/817/2316/5605/5291/7479/5604/51384/7472/7430/6714/1499/2099/4233/2002/2317/3693/5329/5879/387/7410/7097/998/5578/6382/2260/1975/8325/60/867/8326/3690/2475/4893/5336/5962/6194/3479/10000/8323/3708/6548/7157/3091/3316/5594/1432/4313/5170/5290/4660/5579/208/2064/7074/9138/3082/10855/5501/6655/54361/2017/3710/5335/54776/5829/3481/5296/7482/6093/7480/29102/9475/5293/8503/71/2535/3265/5781/7291/7124/2066/960/3791/6654/79923/80326/816/5595/5727/6383/6469/3549/7483,155
hsa04150,mTOR signaling pathway,120/4061,151/7241,9.77967791808154e-10,3.29249156575412e-08,1.97881202319077e-08,5728/5894/3845/54541/3480/7471/89780/5295/6197/64121/6502/7474/207/523/81617/1857/7855/3643/79109/27330/6199/6520/2885/6794/6249/201163/6198/9550/8321/8322/8324/5563/7473/1977/3667/4040/5605/5291/7479/5604/51384/7472/1856/96459/528/51606/51719/9470/2932/6009/387/10670/5578/10325/1975/83667/8140/8325/9296/8326/55004/2475/4893/253260/6194/3479/7132/10000/1147/8323/5562/55437/23175/5594/5170/5290/5579/58528/7249/8408/208/7248/10641/6655/54361/1978/5296/9894/7482/10542/7480/5293/8503/2535/534/3265/51256/127124/153129/7124/8131/529/2887/6654/220441/526/80326/57600/3551/5595/389541/6195/6396/55615/64798/6446/8649/6196/79726/7483,120
hsa05220,Chronic myeloid leukemia,63/4061,71/7241,2.25278845025621e-09,6.82594900427633e-08,4.10244633572974e-08,1026/1869/1021/7048/5925/5894/3845/1027/7046/595/4609/861/5295/7040/7042/207/23624/4193/4790/2885/4089/1399/1029/1398/9846/5605/5291/5970/5604/1871/6776/6777/6464/1019/1870/4088/598/867/4893/3066/10000/1147/8517/7157/5594/5290/208/1487/25759/6655/3065/53358/5296/5293/8503/3265/5781/25/6654/3551/4792/5595/399694,63
hsa04390,Hippo signaling pathway,121/4061,154/7241,3.08484268223366e-09,8.49733938833452e-08,5.10696444044423e-08,659/7048/4086/27113/5520/4087/10413/7534/7046/7471/595/4609/89780/324/1739/9113/64398/6657/7040/7042/7159/7474/650/656/999/1857/7855/2736/3397/3689/4092/7005/4089/8313/60485/7533/8321/8322/8324/3398/5499/5500/55844/6788/6932/7473/2246/5519/7479/166824/6591/51384/7472/8945/1499/1856/83439/1495/2932/5584/4088/23286/174/1490/1742/896/51176/4771/25937/8325/84612/60/8326/5518/7531/7532/10971/154796/894/1454/8323/122786/92597/56288/6934/8200/657/5501/54361/8312/353500/8994/332/26524/55233/7482/23291/5515/5054/7480/7529/71/2535/7004/5516/7161/10207/84962/80326/1741/3996/11186/23513/5521/655/286204/8463/84552/126374/653/7483,121
hsa04668,TNF signaling pathway,89/4061,108/7241,5.11680471411807e-09,1.29199319031481e-07,7.76497557493357e-08,355/1435/1051/3725/5601/1386/182/4318/5295/207/602/836/840/841/6347/3976/6416/4790/7128/7185/7187/1385/6885/2353/3600/64127/8837/6374/8772/5291/5970/5604/5743/3383/3726/7412/83737/330/10488/5599/1326/1906/3569/5609/7132/9021/23118/10000/9530/1147/8517/6352/10059/9020/5594/1432/5290/9252/6401/5606/4217/208/6364/3627/3553/10454/64764/153090/5296/8986/5293/8503/4323/257397/7124/5602/2920/7424/3551/4792/468/5595/7133/192111/7188/2919/843/5608/9586,89
hsa05169,Epstein-Barr virus infection,153/4061,203/7241,5.82010479298207e-09,1.3240059710326e-07,7.95737477813583e-08,596/1026/6774/5925/1027/29110/7534/5433/4609/3303/3725/3716/5601/1386/5295/55703/6502/7874/207/1017/9451/10014/3305/3458/6416/4193/4790/4794/5435/5436/5437/10622/5700/5704/5706/5713/5971/7979/27044/7128/7185/7187/7431/5567/6885/7533/3306/3654/9861/7514/27102/5291/5434/5970/3105/4067/2960/3383/890/1380/5718/5901/2932/5432/6688/5610/3516/5599/4791/1457/3586/5609/5336/661/22938/1387/3107/5708/6693/7531/7532/10971/3066/23118/10000/983/1147/953/3304/8517/9612/9519/7157/3312/3316/9020/1432/5290/11128/10621/5606/8021/208/2033/3588/10454/3106/3310/11047/3065/3133/5335/5438/5441/5702/5717/5709/3134/5296/5430/5710/956/3135/7529/2961/55718/171568/5293/8503/23586/5719/6850/5602/958/960/10213/3122/5714/3551/3113/4792/5707/5757/5705/5701/7189/548644/51728/2959/7188/51082/5431/5608,153
hsa05211,Renal cell carcinoma,58/4061,65/7241,6.11751933810442e-09,1.3240059710326e-07,7.95737477813583e-08,5058/5894/3845/2113/3725/7422/2549/5295/7040/7042/207/9915/56924/5155/5908/112399/2885/201163/1399/1398/5605/5291/5604/4233/5062/5879/998/2889/4893/10298/1387/5906/10000/8453/2034/3091/5594/5290/6921/208/7428/3082/2033/6655/112398/9978/6923/7039/5296/405/5293/8503/3265/5781/54583/6654/5595/5063,58
hsa04068,FoxO signaling pathway,105/4061,132/7241,1.00890326017674e-08,1.91786530212969e-07,1.15265137143803e-07,1026/5728/23678/6774/7048/1956/5894/3845/1027/2309/4087/9456/3480/7046/595/10018/5601/5295/5565/100533105/6502/7040/7042/7874/207/1017/1032/356/11337/1647/3575/3643/4193/10365/901/2885/4089/6794/26260/51701/10733/5563/23411/3667/8660/5605/5291/10912/5604/2308/6648/891/847/23710/5347/4088/5934/1030/9455/80854/5599/9140/9133/3586/3569/4893/6789/1387/3479/8471/10000/894/1147/1454/5562/5594/1432/5170/5290/208/604/472/2033/2290/6655/11345/5296/6517/1901/5293/8503/3265/114907/2538/664/5602/8743/6654/92579/5896/3551/5106/5595/6446/5564,105
hsa05210,Colorectal cancer,54/4061,60/7241,1.01273415293977e-08,1.91786530212969e-07,1.15265137143803e-07,596/7048/5894/3845/4087/7046/595/4609/3725/4436/5601/324/26060/5295/7040/7042/207/836/842/4089/8313/2353/2956/6932/54205/5291/5604/1499/83439/2932/5879/387/4088/51176/5599/5880/10000/7157/5594/4437/5290/6934/208/8312/332/5296/5293/8503/5900/5602/581/4292/5595/5881,54
hsa04722,Neurotrophin signaling pathway,96/4061,119/7241,1.12911889716715e-08,1.96493540686666e-07,1.18094085595947e-07,596/5894/3845/2309/3725/2549/5601/4214/5295/6197/207/814/356/4790/4794/5908/27330/10019/10818/2885/11108/1399/1398/3654/51135/808/817/3667/5605/5291/5970/5604/5663/4215/6464/2932/5879/387/998/2889/5599/5609/4893/5336/5906/7531/801/10000/396/9261/5580/7157/5594/1432/5170/5290/9252/4217/208/4908/25759/6655/5335/53358/5296/57498/805/5293/8503/3265/5781/6272/25/7161/5602/6654/581/27018/4916/627/816/3551/5598/4915/4792/468/5595/25970/9500/6195/4804/7189/11213/91860/399694/6196,96
hsa04010,MAPK signaling pathway,186/4061,255/7241,1.16728836051485e-08,1.96493540686666e-07,1.18094085595947e-07,355/10125/7048/1956/5058/5894/3845/3164/7046/4609/3303/3725/7786/5601/1386/1616/1850/4214/10746/2872/5921/25780/6197/7040/7042/207/408/779/783/785/10368/836/994/1843/1849/356/8074/2254/2261/1647/3305/7850/6416/8491/4208/8569/4790/5155/5156/5534/5908/5923/5971/27330/22800/6722/2768/2885/5567/2247/6885/1399/1398/80824/2353/3306/3554/51701/5494/6788/27091/2246/2316/5605/5970/10912/5604/8605/3925/27006/4215/782/2002/2317/5062/5536/5879/9693/998/1848/5578/2260/5599/4149/4791/5880/1326/59283/5609/4893/6789/5154/4763/5906/7132/23118/10000/1147/2005/2252/2264/55970/3304/8517/5871/9261/57551/7157/1844/3312/9020/5594/1432/8550/5579/9252/5606/4217/208/11221/2257/3553/4908/10454/777/3310/6655/1847/4216/9064/255189/9344/9175/8986/3552/5532/59284/409/3265/9448/5530/5922/7124/5602/5159/2250/6654/627/5778/2263/3727/283748/3551/5598/4915/5495/468/5321/5595/26281/2256/6195/51347/51295/7189/774/10369/5881/2259/1845/8649/775/9965/6196/786/5608,186
hsa04550,Signaling pathways regulating pluripotency of stem cells,109/4061,139/7241,2.30667149246399e-08,3.67853401166626e-07,2.21082641659984e-07,659/6774/4086/5894/3845/3720/4087/3717/9421/3480/3670/10336/56916/7471/4609/648/89780/3716/324/3977/4211/5295/6657/7474/207/1857/2261/7855/3211/3397/3976/6498/2885/4089/93/8313/2247/55183/92/8321/8322/8324/8820/3398/3400/3572/84333/7473/91/5605/5291/7479/9314/5604/51384/7472/1499/1856/90/4090/2932/4088/7547/4093/5013/2260/8325/8326/4893/9869/3479/10000/2264/8323/6929/5594/1432/5290/5978/208/7994/657/54361/463/8312/5296/7482/7480/5080/5293/8503/2535/3624/4617/3265/1749/84108/6927/79923/5460/6926/80326/2263/84759/4762/130399/5595/100532731/7483,109
hsa04141,Protein processing in endoplasmic reticulum,127/4061,166/7241,2.48480187250273e-08,3.76447483684164e-07,2.2624774944367e-07,596/7184/3303/5601/56681/11231/55432/1409/10294/9451/9709/3305/4780/5071/6184/55176/23480/10273/23471/7991/50613/7415/57134/10484/258010/10970/5611/1965/3306/3998/10483/9871/7321/7322/824/80331/27102/23640/2923/56893/7466/9532/29927/6747/3337/80267/22824/10905/5887/10427/7323/118424/29979/29978/578/5610/3320/10960/55968/6185/9632/3326/10525/5599/22872/5609/8720/7494/1603/56886/821/3301/54431/23193/3304/10130/10113/10802/3312/10299/23645/4217/79139/91445/6745/81567/3310/54788/9695/10808/55666/5034/9601/9978/6238/10277/51465/2081/1650/4287/6048/51619/3703/51726/811/51009/5602/201595/581/26270/7327/55768/6746/80700/6400/7326/30001/3309/468/5589/7841/22926/6396/51128/5886/823/6500,127
hsa05161,Hepatitis B,112/4061,144/7241,3.39332988400614e-08,4.89609026120886e-07,2.94258681670708e-07,596/1026/1869/317/1021/355/5728/6774/5925/5894/3845/1027/29110/7534/7046/595/4609/3725/3716/5601/1386/1654/4214/4318/5295/7040/7042/7099/207/537/836/841/842/1017/1643/1960/356/64135/6416/4790/5111/6778/1959/2885/4089/898/1385/2353/353376/54205/8772/5605/5291/5970/5604/6714/1871/6776/6777/890/2002/1019/1870/9641/4615/4088/7097/10488/5578/1642/5599/3569/4893/6773/1387/10971/10000/9134/1147/8517/7157/3454/5594/57506/5290/5579/208/3456/2033/64764/7098/332/3576/5296/10542/7529/5293/8503/23586/3265/7124/5602/148022/2185/581/3551/4792/468/5595/114609/843/9586,112
hsa04012,ErbB signaling pathway,72/4061,86/7241,4.15986741356218e-08,5.72927193776973e-07,3.44333522749405e-07,1026/1956/5058/5894/2065/3845/1027/4609/3725/2549/5601/5295/5747/207/23624/6416/56924/6199/2885/27/6198/1399/685/1398/1839/145957/817/5605/5291/5604/6714/6776/6777/2002/6464/2932/5062/5578/5599/867/5609/2475/4893/10298/5336/10000/5594/5290/5579/208/2064/25759/6655/1978/5335/53358/7039/2069/5296/5293/8503/3265/25/2066/5602/6654/8440/816/5595/4690/5063/399694,72
hsa03040,Spliceosome,105/4061,134/7241,4.50642532107262e-08,5.93672553167392e-07,3.56801638693621e-07,3303/9879/3190/10285/57187/8896/10523/9775/4670/3305/27258/4686/10084/10992/23450/6625/6631/6632/22985/1655/10291/10946/3306/22916/84950/3192/6634/51362/56259/220988/55696/9343/6627/25766/9939/10713/29896/10594/10262/22938/51729/988/51503/1665/3183/6427/3178/144983/3304/5356/51645/6629/6426/23350/3312/9128/6434/55110/5093/9716/6431/3310/9416/8449/1659/51690/6635/4809/6430/11338/7919/6432/8683/84991/58517/27316/84321/10772/11017/10915/9092/24148/51340/11325/9410/6428/9984/153527/10286/23451/10450/25804/27339/26121/23020/6628/10907/10189/25949/84844/55660/199746/494115/57461/10569,105
hsa05142,Chagas disease (American trypanosomiasis),83/4061,102/7241,5.33149799279832e-08,6.73101621590788e-07,4.04539102085136e-07,355/7048/2771/5520/4087/7046/3725/5601/2776/5295/7040/7042/7099/207/713/718/841/6347/356/3458/3460/3592/6416/4790/5330/5332/2353/3654/51135/55844/8837/8772/5291/5519/5970/2773/2770/2778/4615/4088/7097/5599/3586/3569/5518/7132/10000/1147/2774/8517/6352/5594/1432/5290/208/3553/3456/4843/3576/5296/5515/414062/6349/5054/5293/8503/3459/5516/811/7124/5602/148022/6348/10333/3551/3558/4792/5521/915/107/5595/7189/23236,83
hsa05212,Pancreatic cancer,56/4061,64/7241,5.69952186550228e-08,6.90782050098876e-07,4.15165171676587e-07,1869/1021/6774/7048/5925/1956/5894/3845/4087/7046/595/7422/3716/5601/5295/5337/7040/7042/207/842/4790/4089/5888/675/1029/5291/5970/5604/1871/1019/1870/5879/4088/998/5599/5880/598/10000/1147/8517/7157/5594/5290/208/2064/7039/5296/5293/8503/5898/10928/5900/5602/3551/5595/5881,56
hsa05224,Breast cancer,111/4061,144/7241,9.37958554028348e-08,1.09308246873304e-06,6.56950728125118e-07,1026/8202/1869/1021/5728/5925/1956/5894/3845/3815/4851/3480/7471/595/4609/3725/89780/324/672/1452/182/5295/7474/207/1857/8074/2254/7855/6199/2885/8313/2247/6198/675/2353/8321/8322/8324/6932/7473/2246/4040/5605/5291/7479/23493/5604/4853/51384/7472/1499/1856/1871/2099/27006/6464/83439/1019/122011/1870/2932/23462/2260/51176/4791/8325/8326/388585/2475/4893/8648/3479/6667/10000/2252/8323/26508/7157/2100/5594/5290/6934/208/2064/2257/23401/25759/6655/54361/8312/3280/3714/53358/5296/7482/7480/5293/8503/2535/3265/5241/2250/6654/80326/5595/26281/2256/2259/399694/9965/7483,111
hsa04140,Autophagy - animal,100/4061,128/7241,1.24348002049531e-07,1.39546091188918e-06,8.38682430977341e-07,596/5728/5894/3845/54541/3480/5601/3920/5295/64121/207/1509/9451/11337/6199/22800/5567/51100/6794/79065/10645/6885/9110/6198/83734/115201/1965/5563/7405/8837/3667/8660/5605/5291/9342/8673/5604/64422/23710/6009/10670/10533/9821/10325/3146/5599/9140/598/2475/4893/8471/64419/10000/22863/3708/8897/5562/5580/9711/55014/26100/55054/23130/55102/1613/3091/5594/5170/5290/58528/7249/8408/208/7248/30849/1508/11345/338382/5296/1612/2081/5515/9474/8678/5293/8503/9776/3265/118471/5516/664/5602/58476/29982/81671/55626/5595/7189/64798/83452,100
hsa04115,p53 signaling pathway,59/4061,69/7241,1.5469018820133e-07,1.63358791933161e-06,9.81798541060857e-07,1026/317/1021/355/5728/5268/27244/7057/27113/595/900/4194/836/841/842/1017/1643/9538/1647/4193/5366/8493/9540/901/898/1029/64065/64393/54205/10912/891/1019/6241/3486/896/1111/83667/9133/8795/3479/545/894/9134/983/64326/7157/143686/7249/637/472/11200/55367/51246/55240/5054/7161/92344/581/6477,59
hsa05223,Non-small cell lung cancer,51/4061,58/7241,1.60303828168783e-07,1.63358791933161e-06,9.81798541060857e-07,1869/1021/6774/5925/1956/5894/3845/2309/595/5295/207/842/6257/2885/1029/5605/5291/5604/1871/6776/6777/238/1019/1870/5578/4893/5336/5915/6789/10000/83593/7157/5594/5170/5290/5579/208/2064/6655/5335/7039/5296/27436/5293/8503/3265/2272/6654/6256/11186/5595,51
hsa04066,HIF-1 signaling pathway,80/4061,99/7241,1.67132757423366e-07,1.63358791933161e-06,9.81798541060857e-07,596/1026/6774/1956/1027/3480/7422/2872/5295/7099/207/3162/3458/3460/3643/8569/4790/5161/5163/5209/6199/7076/112399/6198/817/1977/5605/5291/5970/5604/9470/2321/3099/5578/1906/3569/3939/2475/5336/6194/1387/3479/10000/8453/2597/3091/5594/5162/5290/5579/6921/5230/208/2064/3570/7428/4843/2033/112398/1978/2023/5335/9978/6923/3098/5296/405/5054/5293/8503/7037/3459/54583/226/816/4846/5595/5211/285/51378,80
hsa04933,AGE-RAGE signaling pathway in diabetic complications,80/4061,99/7241,1.67132757423366e-07,1.63358791933161e-06,9.81798541060857e-07,596/6774/7048/3845/1027/185/4087/3717/7046/595/3725/7422/5601/5295/5581/7040/7042/207/836/6347/1284/1286/1287/2152/2335/4790/5330/5332/4089/1958/5292/51196/7056/5291/5970/2308/3383/6776/6777/1019/5879/4088/7412/998/5578/5599/1906/3569/4893/5336/1729/10000/5580/5594/1432/4313/5290/5579/6401/208/1282/3553/2277/5335/3576/5296/5054/3552/5293/8503/3265/7124/5602/581/7424/4846/5595/1281/23236/7423,80
hsa04144,Endocytosis,185/4061,260/7241,2.59773776235021e-07,2.45973294372535e-06,1.47831787133745e-06,7048/1956/2065/3815/4087/3480/7046/3303/10015/11311/7456/7251/5337/22841/57403/7040/7042/9559/51028/9765/116984/10092/408/857/858/23624/51019/79643/91782/1211/7852/9267/9266/1601/9829/2261/2350/3305/3482/23325/4193/5156/23396/80223/4218/6456/6643/3949/5869/51100/160/382/830/3798/3799/27183/10565/8411/3306/3800/5979/8027/10890/829/10938/30845/8729/28964/26056/10193/84364/3105/6714/116987/10617/1173/4233/8394/8766/10094/1213/1436/2321/5584/5878/387/4088/58533/9525/83737/998/2348/155382/84612/867/84440/8976/3107/23362/64744/9135/51652/128866/2264/3304/57154/23527/10109/58513/2149/157/131890/3312/9922/56288/56904/147179/9372/10564/11059/375/9815/3577/3106/3310/11031/137492/163/1785/3133/26119/64145/11267/161/3134/3135/79720/11021/6455/832/7037/57132/2870/8723/409/25978/2060/156/3265/9897/377/9101/50807/1234/5338/64750/9230/2066/3791/55737/5868/27131/23111/27243/2263/8853/6642/55738/9146/5371/118813/51160/7189/30844/92421/30846/5867/84552/9727/100526767/23550/3559/3560/51534/30011,185
hsa05214,Glioma,55/4061,64/7241,2.8945477686465e-07,2.65772113302997e-06,1.59731025191657e-06,1026/1869/1021/5728/5925/1956/5894/3845/3480/595/5295/207/4193/5155/5156/2885/1029/808/817/5605/5291/5604/1871/6464/1019/1870/5578/2475/4893/5336/5154/3479/801/10000/7157/5594/5290/5579/208/25759/6655/5335/53358/7039/5296/805/5293/8503/3265/5159/6654/816/5595/91860/399694,55
hsa05221,Acute myeloid leukemia,48/4061,55/7241,6.28817184054333e-07,5.60387078730773e-06,3.36796819942414e-06,6774/5894/3845/3815/595/4609/861/5295/207/4790/11040/6199/2885/6198/862/5292/6932/5605/5291/5970/5604/6776/6777/83439/3728/6688/51176/2475/4893/10000/1147/8517/7704/5594/5290/6934/208/6655/1978/5467/5296/5293/8503/3265/6654/3551/5595/5371,48
hsa04919,Thyroid hormone signaling pathway,90/4061,116/7241,9.33427628471397e-07,8.08081632648095e-06,4.85663096918953e-06,8202/117247/5894/3845/4851/595/4609/5208/5295/207/476/478/488/842/8850/4193/5214/5330/5332/6257/116931/23389/5567/9969/3685/51196/483/5605/5291/5604/4853/2308/5469/6714/1499/2099/29079/2932/6009/25942/5578/7067/60/3690/2475/4893/5336/8648/1387/3066/10000/6548/7157/3091/2648/5594/9968/10025/9440/5170/5290/5579/6567/7249/208/2033/2626/54361/3065/5335/1827/5296/481/5293/8503/71/23439/3265/9282/1733/486/6256/10499/7068/5595/23236/10231/9862/9882/477,90
hsa05418,Fluid shear stress and atherosclerosis,105/4061,139/7241,1.21914391516159e-06,1.026112795261e-05,6.16701454160685e-06,596/659/7184/3725/7422/5601/4205/4318/5295/5747/207/857/858/6347/1003/1843/2938/2950/653689/3162/3458/7850/9817/6416/4208/4259/4780/4790/5155/10365/93/6885/92/2353/3554/3685/5563/7056/808/5291/5970/8878/2946/6714/1499/3383/90/4258/5879/387/7412/3320/6382/3326/5599/4880/5880/60/1906/3690/5609/7341/5154/7132/445/801/10000/1147/8517/5562/7157/1432/4313/5290/6401/4217/208/3553/5327/657/2953/5175/5296/3552/805/5293/8503/71/119391/7124/5602/7295/1535/3791/6613/25828/3551/5598/4846/9181/2947/5881/6383/91860/5608,105
hsa05222,Small cell lung cancer,68/4061,84/7241,1.26399761806324e-06,1.03511156290044e-05,6.22109780725294e-06,596/1869/317/1021/5728/5925/1027/595/4609/5295/5747/6502/207/842/1017/1284/1286/1287/2335/3675/3909/4790/9063/6257/7185/7187/898/3673/3685/3688/54205/3918/5291/5970/5743/1871/1019/1870/330/1030/4149/598/5915/331/10000/9134/1147/8517/3915/7157/5290/208/1282/1164/4843/9618/5296/5293/8503/2272/3655/6256/3551/4792/3912/7189/7188/3911,68
hsa01524,Platinum drug resistance,60/4061,73/7241,2.03519548527782e-06,1.62280061062942e-05,9.75315287958622e-06,596/1026/317/355/27113/4436/672/5295/5980/1317/7153/207/540/836/841/842/356/2938/2950/653689/4193/4259/5366/7155/1029/2956/54205/8772/5291/2946/4258/578/330/598/331/10000/7157/5594/4437/5170/5290/4217/208/637/2064/472/2953/538/332/5296/7507/5293/8503/5429/119391/581/4292/5595/2947/2067,60
hsa04014,Ras signaling pathway,161/4061,227/7241,2.15997708238172e-06,1.67813604092734e-05,1.00857229487729e-05,10125/1956/5058/5894/3845/3815/29110/1435/2113/3480/7422/2549/5601/59345/80310/5295/5337/5921/25780/207/1943/1945/356/8074/2254/2261/2784/10681/3643/4790/56924/5155/5156/5908/9462/5923/22800/8036/2885/5567/5869/27/382/2247/2782/9846/51196/808/2246/5605/56034/5291/5970/5604/8605/8315/4233/27006/2002/6464/1436/55770/2321/5062/5878/5879/387/998/5578/2260/1969/5599/5880/598/2787/4893/10298/5336/6789/5154/3479/4763/5906/801/10000/1147/2252/2264/55970/8517/26279/83593/5966/5594/5290/5579/208/2257/7074/3082/25759/2277/6655/4301/1946/2788/255189/5335/22821/53358/5296/81579/805/5293/8503/5898/391013/10928/3265/5781/5900/25/5338/5922/5863/5602/4254/1944/5159/2250/3791/6654/5322/7424/5868/2263/283748/11186/1942/3551/23179/5321/5595/26281/2256/11145/2783/8831/2786/4804/285/51378/5881/5063/91860/2259/2904/7423/2114/399694/9965,161
hsa04915,Estrogen signaling pathway,77/4061,98/7241,2.37751371982605e-06,1.80096664276823e-05,1.08239440402607e-05,2771/1956/5894/3845/115/7184/3303/3725/1386/2289/2776/4318/5295/207/2550/3305/5330/5332/2885/5567/1385/2353/1839/3306/808/5605/5291/2773/5604/6714/2099/3765/2770/6464/2778/10488/3320/3326/4893/801/6667/10000/3304/3708/5580/2100/3312/5594/4313/5290/208/25759/3310/6655/64764/2288/3710/53358/5296/4988/805/5293/8503/3265/6654/3763/4846/468/107/5595/91860/3760/23236/399694/113/9568/9586,77
hsa03013,RNA transport,125/4061,171/7241,2.51641258147407e-06,1.81636048497821e-05,1.09164621817346e-05,1982/5411/1979/1983/2332/57187/1964/9086/1967/1973/9775/4686/51068/9972/10775/8480/6606/6607/80145/65109/22985/57122/10762/1917/1965/22916/8761/7514/1968/1977/55916/23636/5901/23191/8892/8893/728689/3646/8665/8666/9470/25929/9631/11097/26019/8672/7175/8668/1975/9939/10460/8661/8663/9818/10073/7341/8669/5903/8563/100101267/84220/10921/10556/1915/1974/9513/54960/129401/4928/10605/5905/55110/23511/8021/84305/23165/51808/10209/1207/8662/1978/60528/8087/8487/79833/3837/23225/348995/11260/7919/5976/59343/55706/26986/84321/10248/51095/22794/9883/9669/23279/11102/8894/29107/285190/6613/9984/7329/53371/50628/26999/5042/138716/8086/79023/10189/6396/10419/57510/9688/132430/8667/8664/1981/11171,125
hsa04931,Insulin resistance,83/4061,107/7241,2.51772740492029e-06,1.81636048497821e-05,1.09164621817346e-05,5465/5728/6774/5601/5295/5565/5581/6197/207/948/2997/3643/22877/4790/5770/27330/6199/28965/57761/1385/6198/5499/5500/5563/3667/8660/7376/5291/5970/2308/1374/2932/5836/11001/10488/5599/3569/2475/6720/7132/9021/10000/8473/5562/5580/10724/5170/5290/79660/5579/5834/208/5501/64764/200186/9945/6945/5509/5296/6517/133522/376497/5293/8503/5781/5524/2538/7124/5602/5792/92579/3551/4846/5106/4792/6195/2673/9882/1375/5564/6196/10891/9586,83
hsa04510,Focal adhesion,142/4061,199/7241,5.04902091934169e-06,3.55779846176868e-05,2.13826344931729e-05,596/5728/7057/1956/5058/5894/3480/595/3725/7422/5601/3696/80310/5295/5747/207/857/858/1284/1286/1287/2335/3381/3675/3909/56924/5155/5156/23396/5908/5923/7409/7448/3678/2885/3673/7791/1399/1398/3685/3688/5499/5500/4659/824/2316/3918/56034/5291/5604/6714/1499/4233/2002/10451/6464/2317/2321/2932/3691/3693/4638/5062/5879/387/7410/330/998/5578/2889/896/87/5599/5880/7408/60/81/8515/3690/10298/7414/5154/1291/1729/3479/5906/331/10000/894/3915/2909/394/5594/91807/5170/5290/4660/5579/208/1282/2064/3082/5501/25759/2277/6655/54776/5829/53358/7094/5296/1280/6093/9475/5293/8503/71/1292/3265/1793/8516/5602/3611/5159/3655/3791/6654/2534/5649/7424/83660/5595/3912/103910/64098/5881/3672/5063/7423/399694/3911/1298,142
hsa05213,Endometrial cancer,43/4061,50/7241,5.82460305017604e-06,4.0110334640985e-05,2.41066107100588e-05,5728/1956/5894/3845/2309/595/4609/324/5295/207/842/999/2885/8313/6932/5605/5291/5604/1499/2002/83439/1495/2932/51176/4893/10000/7157/5594/5170/5290/6934/208/2064/6655/8312/5296/5293/8503/3265/3611/6654/4292/5595,43
hsa04151,PI3K-Akt signaling pathway,231/4061,342/7241,6.08005101142394e-06,4.09390101435879e-05,2.46046508766396e-05,596/1026/1021/5728/23678/7057/1956/5894/8115/3845/1027/54541/3815/5520/1435/2309/3717/7534/3480/3164/595/4609/7184/4170/4602/7422/10018/3716/1386/672/59345/3696/80310/5295/5747/100533105/7099/207/842/1017/1284/1286/1287/1943/1945/356/8074/2254/2261/2335/2784/10681/2997/3381/3562/3575/3643/3675/3909/4193/4790/5155/5156/5294/5585/6199/7448/3678/2885/6794/898/1385/2247/2782/3673/6198/7533/3574/3685/3688/55844/28227/5563/11140/1977/2246/3667/3918/5605/56034/5291/5519/5970/9623/5604/5618/4233/27006/1019/1436/9470/2321/2932/3691/3693/5586/5879/6009/3455/5934/7097/10488/3320/55012/5578/896/2260/1975/1969/3326/29941/598/2787/3569/8515/3690/2475/4893/5529/5154/6194/1291/3479/5518/7531/7532/10971/10000/894/9134/1147/2252/2264/55970/8517/3915/23239/23035/5527/5562/7157/2149/3454/9170/5594/5170/5290/117145/7249/208/1282/2257/3570/7248/3082/3456/5528/2277/4515/6655/64764/200186/1946/1978/2788/9180/118788/5296/5515/1280/1128/7529/2688/5293/8503/1292/3265/8516/5516/2538/6850/4254/1944/5159/2250/3655/3791/6654/92579/5649/6256/7424/2263/1942/3551/1902/3558/4846/5106/5521/468/5595/26281/2256/3912/2783/2786/4804/285/51378/3672/2057/2259/6446/7423/3559/3560/3911/1298/9965/9586,231
hsa04071,Sphingolipid signaling pathway,89/4061,118/7241,8.82488081666955e-06,5.8129106248932e-05,3.49360270316666e-05,596/5728/2771/5894/3845/5520/5601/2776/5295/5337/5581/55304/207/1509/10672/4790/8439/5330/5332/29956/2768/259230/8560/9846/55844/28227/166929/81537/4363/5605/5291/5519/5970/8879/2773/5604/2770/5879/387/55012/5578/5599/5880/10558/340485/4893/5529/5518/7132/140/10000/5527/7157/5594/1432/5170/5290/5579/9517/4217/208/637/253782/5528/427/10715/5296/5515/6093/1901/9294/9475/5293/8503/3265/5516/5338/7124/5602/581/2534/4846/5521/56624/5595/79603/5881/23236/130367,89
hsa04210,Apoptosis,102/4061,138/7241,9.4135538011701e-06,6.04091148208032e-05,3.63063292131282e-05,596/317/355/7846/5894/3845/27113/3725/4170/10018/5601/1616/142/5295/9131/207/836/840/841/842/1509/1522/56616/9451/2021/356/1647/3562/4001/4790/143/5366/7185/1965/2353/84823/54205/824/8837/8772/5605/5291/5970/10912/5604/8797/578/330/1075/5599/10376/60/598/4893/8795/4000/7132/331/10000/1147/8517/3708/7157/835/1520/9020/5594/5170/5290/4217/208/637/472/1515/55367/8793/1508/153090/3710/5783/84790/332/5296/2081/5293/8503/71/3265/7124/5602/8743/581/3551/4792/468/5595/10038/1676/8739/823/5414/843,102
hsa05202,Transcriptional misregulation in cancer,129/4061,180/7241,9.5697607636916e-06,6.04091148208032e-05,3.63063292131282e-05,1026/7048/4086/6935/1027/4005/85414/1051/3480/8091/4613/4609/648/55204/3021/7490/861/3205/4211/4318/5087/5747/7468/9915/1668/2118/2530/7850/3562/4193/4208/4790/8013/5090/6257/6495/8464/3195/30012/7185/1655/862/466/55589/3206/3398/64332/5328/5468/51804/6760/860/5970/6756/8148/51384/2308/4233/1436/2321/64083/3728/25942/6688/330/1848/3486/4149/598/905/84444/2130/3569/4297/5154/3479/221037/5077/3066/6667/894/904/2005/3020/5966/6929/7157/7704/4299/2115/333932/51274/4221/4298/604/1236/3248/8864/5327/472/1025/5218/2120/440093/3065/8351/3576/8358/51513/3207/4066/2521/653604/958/6256/2313/6757/727837/5371/8357/126961/8290/4804/5079/100532731/4300/7030/7403/3560,129
hsa04350,TGF-beta signaling pathway,66/4061,84/7241,1.25817834835456e-05,7.65866055111963e-05,4.60291219504497e-05,659/7048/4086/7057/4087/7046/4609/5933/7040/7042/9765/650/656/3397/3458/6199/4091/4092/4089/93/6198/92/3398/3400/91/4681/5519/60436/1875/90/4090/387/4088/4093/1030/25805/10637/1387/5518/6667/57154/5594/9372/8200/7050/657/2033/353500/4052/9978/5515/6093/7027/100532736/3624/5516/64750/7124/1874/9241/655/130399/5595/5308/6500/653,66
hsa05219,Bladder cancer,36/4061,41/7241,1.27095324092199e-05,7.65866055111963e-05,4.60291219504497e-05,1026/1869/7057/5925/1956/5894/3845/595/4609/7422/4318/999/2261/4193/1029/1839/5605/5604/6714/1871/4312/1019/1870/4893/7157/1613/5594/4313/9252/2064/1890/3576/1612/3265/11186/5595,36
hsa04137,Mitophagy - animal,53/4061,65/7241,1.28908147890132e-05,7.65866055111963e-05,4.60291219504497e-05,1869/3845/665/29110/2309/10241/3725/55288/5601/9451/11337/5071/22800/7942/7314/8887/79065/10370/9958/23786/5970/8878/6714/23710/5599/598/1457/4893/6667/7157/3091/55669/4077/10133/64786/79735/8408/11345/9927/338382/89941/9474/8678/3265/9101/664/5602/4286/55626/468/51024/192111/7030,53
hsa05134,Legionellosis,46/4061,55/7241,1.32445343894171e-05,7.71748830767958e-05,4.6382681161319e-05,317/3303/56681/7099/718/836/840/841/842/3297/3305/3592/3689/4790/7415/81876/23786/1195/1917/3306/5861/54205/5970/4615/7097/4791/3569/3304/1915/3312/3553/375/3329/3310/3576/1378/7124/664/4671/2920/3606/4792/7100/2919/51128/10767,46
hsa04015,Rap1 signaling pathway,147/4061,210/7241,1.87707586202064e-05,0.000107312072866463,6.44953573246418e-05,7057/2771/1956/5894/3845/3815/1435/115/3480/7422/2776/80310/5295/51735/25780/207/999/1943/1945/8074/2254/2261/3397/3643/3689/5155/5156/5217/5330/5332/5908/11069/6494/2247/57568/1399/1398/3688/51196/23683/5909/808/2246/5605/56034/5291/2773/5604/6714/1499/4233/27006/2770/1436/2321/2778/5584/5879/9693/387/7410/998/5578/2889/23094/2260/1969/5880/7408/84612/60/2357/3690/4893/5154/3479/5906/801/10000/2252/2264/83593/2149/9002/9170/5594/1432/56288/5290/5579/5587/25865/5606/208/9732/2257/889/7074/3082/2277/136/4301/1946/5216/5335/26037/7094/5296/805/5293/8503/5898/71/3265/5900/4254/1944/5159/2250/3791/10636/7424/83660/2533/2263/1942/1902/1500/107/5595/26281/2256/260425/4804/285/51378/5881/91860/2259/2904/84552/23236/7423/113/5028/9965/5608,147
hsa03420,Nucleotide excision repair,40/4061,47/7241,2.13702381856542e-05,0.000119910780930615,7.2067274973064e-05,2965/1643/1161/3978/4331/5111/57804/54107/6119/6118/8451/10714/2071/2072/5984/56655/8450/5887/7508/1642/5424/5426/5427/5985/5982/6117/1069/2068/728340/2967/5983/9978/2074/7507/5425/5981/1022/2067/5886/404672,40
hsa04932,Non-alcoholic fatty liver disease (NAFLD),108/4061,149/7241,2.26088048768649e-05,0.000122876992997253,7.38499905802491e-05,355/5465/3725/10018/5601/5295/5565/7040/207/836/840/841/9167/1351/9451/356/3643/22877/4694/4698/4707/54539/4710/4711/374291/4728/4790/6390/7385/1965/5563/54205/27089/3667/8660/4697/5291/5970/6391/341947/1571/4716/2932/5879/83737/79602/998/5599/1340/2931/3569/4512/4513/4514/6720/7494/4696/4725/7132/9021/10000/5562/1349/5290/6389/7386/9377/4217/7384/208/637/3553/3570/7381/10975/100532726/51079/1327/6945/4701/4731/3576/5296/2081/3552/55967/5293/8503/7124/4708/5602/4719/29796/6392/581/4718/6256/1337/4519/4695/4712/3551/468/1350/4726/9370/4705/5564,108
hsa03030,DNA replication,32/4061,36/7241,2.27099392998223e-05,0.000122876992997253,7.38499905802491e-05,5557/3978/4172/5111/5422/57804/54107/246243/6119/6118/10714/2237/4175/23649/5984/56655/4173/4174/4176/5424/5426/5427/5985/1763/5558/5982/6117/5983/5425/5981/4171/79621,32
hsa05218,Melanoma,55/4061,69/7241,3.15458174491461e-05,0.000167690924334934,0.000100783498036976,1026/1869/1021/5728/5925/1956/5894/3845/3480/595/80310/5295/207/999/8074/2254/4193/5155/5156/2247/1029/2246/5605/56034/5291/5604/1871/4233/27006/1019/1870/2260/4893/5154/3479/10000/2252/7157/5594/5290/208/2257/3082/5296/5293/8503/3265/4286/5159/2250/5595/26281/2256/2259/9965,55
hsa04910,Insulin signaling pathway,100/4061,138/7241,4.60380355694233e-05,0.000240509047888539,0.000144547734183489,5894/3845/5257/5601/2872/5295/5565/23433/122809/207/23624/2997/3643/8569/5256/5770/6199/2885/5140/5567/9322/5255/5576/6198/1399/1398/5499/5500/5563/5573/808/1977/3667/8660/5605/5291/8835/5604/2308/3636/2002/6464/9470/23265/2932/3099/5584/5836/6009/8651/2889/5599/867/2475/4893/6720/6194/8471/801/9021/10000/2194/2319/5562/5594/5170/5290/79660/7249/5834/208/7248/5501/25759/51763/6655/31/1978/5509/53358/3098/5296/6517/805/5293/8503/3265/2538/5602/5792/6654/92579/3551/5106/5261/5595/91860/399694/5564/10891,100
hsa04152,AMPK signaling pathway,89/4061,121/7241,4.74792539014683e-05,0.000243834134443134,0.00014654613603843,5520/2309/3480/595/5208/5295/5565/207/81617/948/2997/3643/5209/5214/4218/6199/6794/10645/1385/6885/6198/5468/55844/28227/5563/5862/6319/23411/10890/3667/8660/5291/5519/2308/890/1080/51719/1374/51552/6009/79602/10488/55012/3156/23216/2475/5529/6720/3479/8471/5518/10000/2194/5527/5562/55437/5170/5290/7249/8408/208/7248/5528/31/64764/200186/1938/1978/5213/79966/1994/5296/6517/5515/5293/8503/5516/2538/9230/92579/5106/5521/5211/5210/9370/1375/5564/10891/9586,89
hsa03050,Proteasome,38/4061,45/7241,4.99817700944992e-05,0.000252407938977221,0.000151699056602603,3458/51371/5695/5696/5700/5704/5706/5713/5720/7979/9861/10197/5683/5718/23198/5690/5687/5708/5693/5684/11047/5685/5688/5689/5694/5702/5717/5709/9491/5710/5719/10213/5714/5707/5705/5691/5701/5682,38
hsa04917,Prolactin signaling pathway,55/4061,70/7241,6.70464214542444e-05,0.000333033863944853,0.000200155839716726,9655/6774/5894/3845/2309/3717/595/5601/5295/122809/207/1154/2592/4790/8792/2885/3659/2353/5605/5291/5970/8835/5604/5618/6714/2099/6776/6777/6464/2932/8651/5599/4893/9021/10000/894/2100/5594/1432/5290/9306/30837/208/25759/6655/53358/5296/5293/8503/3265/2001/5602/6654/5595/399694,55
hsa01522,Endocrine resistance,72/4061,96/7241,8.71816318517462e-05,0.000426065071791598,0.000256068290498338,596/1026/8202/1869/5925/1956/5894/3845/1027/4851/115/3480/595/3725/5601/182/4318/5295/5747/207/1565/4193/6199/2885/5567/6198/1029/2353/1839/5605/5291/5604/4853/5469/6714/1871/2099/6464/1019/1870/2778/5599/2475/4893/10498/3479/6667/10000/7157/2100/5594/1432/4313/5290/208/2064/25759/6655/3714/53358/5296/5293/8503/3265/5602/6654/581/107/5595/399694/113/8647,72
hsa04520,Adherens junction,56/4061,72/7241,9.65464980365476e-05,0.000464342681032919,0.000279073419554265,7048/1956/4087/3480/7046/999/3643/5770/5795/6615/10163/4089/6885/8826/51701/6932/6591/6714/1499/4233/7525/83439/1495/5879/387/4088/117178/7082/998/2260/87/51176/5880/60/81/1457/7414/8976/1387/2241/5594/56288/6934/2064/2033/4301/71/52/5797/5792/2534/1500/5595/5881/10458/81607,56
hsa05230,Central carbon metabolism in cancer,51/4061,65/7241,0.000131956474557816,0.000624731434234661,0.000375468258199049,5728/1956/5894/3845/3815/4609/5295/207/2261/2539/5156/5161/5163/5214/9997/5979/2744/5605/5291/5604/4233/3099/6510/2260/8140/3939/2475/4893/10000/7157/3091/5594/5162/5223/5290/208/2064/57103/5213/441531/5315/3098/5296/5293/8503/3265/5159/4916/2263/5595/5211,51
hsa03015,mRNA surveillance pathway,68/4061,91/7241,0.000165379217788417,0.000770921584459854,0.000463329630403178,80335/5520/5411/9775/23708/4686/23293/65109/22985/10914/55339/8731/11052/22916/8761/5499/5500/55844/28227/55916/5519/29101/23283/81608/124540/26019/1478/11051/55012/9939/51585/5529/5518/79869/5527/10921/29894/2107/55110/8732/84305/53981/5501/5528/26528/8106/23049/7919/9887/5976/5515/26986/2935/5516/53918/22794/29107/1479/5521/5042/23381/8189/10189/64895/132430/1477/4440/10767,68
hsa04360,Axon guidance,121/4061,175/7241,0.000233649813079422,0.00107266505095553,0.000644679707539712,659/2771/5058/5894/3845/23365/91653/55740/2043/5295/5747/5921/9037/7474/7852/1943/1945/2242/3897/22854/56924/5163/5362/10154/5534/5998/54434/85464/7223/2045/1948/1073/3688/7220/817/5291/6259/23380/2044/2773/8829/6714/7222/4233/2770/1020/2932/5062/5879/387/3984/998/5578/10512/1969/5880/84612/4893/10298/5336/54910/10509/1808/5594/56288/5290/5361/8482/91584/54361/1946/1947/2048/5335/55558/5296/57556/10507/3983/6093/5532/9475/5293/8503/80031/3265/5530/5781/57522/219699/25/223117/6091/3611/23654/1944/2047/2534/8440/27289/6387/816/56896/1942/655/2049/8633/5595/9423/5727/2050/1072/4690/5881/5063/2041/84552/6469/137970/6405/54961,121
hsa04211,Longevity regulating pathway,66/4061,89/7241,0.000300715311749681,0.00135995133522617,0.000817340910175881,27244/3845/2309/115/3480/26060/1386/5295/5565/207/814/3643/4790/6199/5567/6794/10645/1385/6198/5468/5563/23411/1977/3667/8660/5291/5970/2308/6648/847/9470/6009/79602/10488/9821/83667/2475/4893/3479/8471/10000/5562/7157/10919/5290/143686/7249/8408/208/7248/64764/1978/5296/9474/5293/8503/9776/3265/581/468/107/9370/113/5564/10891/9586,66
hsa04662,B cell receptor signaling pathway,54/4061,71/7241,0.000361662006004159,0.00161152335028324,0.000968537570258815,5894/3845/3725/10892/5295/25780/207/29760/3635/4790/4794/5534/7409/2885/2353/5605/5291/5970/5604/3636/4067/1380/10451/84433/975/2932/5879/7410/8915/5880/4893/5336/10000/1147/8517/5594/5290/5579/208/6655/118788/5296/5532/5293/8503/3265/5530/6850/6654/8519/3551/4792/5595/5881,54
hsa05216,Thyroid cancer,25/4061,29/7241,0.000558251392109546,0.00245145176535062,0.00147334082128073,3845/595/4609/999/6257/7170/5468/5979/6932/5605/8030/5604/1499/83439/7175/51176/4893/7157/5594/6934/10342/3265/8031/6256/5595,25
hsa04810,Regulation of actin cytoskeleton,142/4061,212/7241,0.000660685565992454,0.00285736119036994,0.00171729541752301,1956/5058/5894/3845/324/23365/55740/3696/80310/5295/5747/10092/8074/2254/2261/2335/10672/3675/3687/3689/56924/5155/5156/5217/23396/22800/54434/85464/7409/10163/3678/2768/2247/3673/1399/1073/1398/8826/3685/3688/4478/8396/5499/5500/4659/221178/2246/28964/5605/56034/5291/5604/7430/6714/27006/8394/10451/10094/23191/81624/3691/3693/4638/10787/5062/5879/387/7410/3984/10152/998/2260/87/79837/5880/60/81/8515/3690/4893/10298/5962/7414/8976/5154/1729/4627/2252/2264/55970/6548/2909/8874/10109/2149/5594/91807/5290/5305/4660/1730/2257/7074/9138/4628/200576/5501/6655/5216/54776/5829/5296/1128/6093/9475/5293/8503/71/3265/1793/8516/7114/5159/2250/3655/6654/2263/2147/26999/5595/26281/1072/2256/79784/103910/5881/3672/5063/2259/10458/9965/54961,142
hsa04660,T cell receptor signaling pathway,74/4061,103/7241,0.000669546681571833,0.00285736119036994,0.00171729541752301,10125/5058/5894/3845/3725/5601/1739/10892/5295/207/23624/940/3458/4790/4794/56924/5534/7409/2885/6885/2353/5605/5291/5970/5604/10451/84433/1019/2932/5062/387/7410/8915/998/1326/867/3586/5609/4893/10298/10000/1147/8517/5133/9020/5594/1432/5170/5290/208/6655/1493/5335/5296/29851/5532/5293/8503/920/3265/5530/7124/6654/2534/8440/3551/3558/3702/4792/915/5595/4690/5063/9402,74
hsa00240,Pyrimidine metabolism,75/4061,105/7241,0.000816241305932782,0.00343501549580046,0.00206446996968379,5433/5557/22978/55703/790/51727/1635/79077/1723/1854/5422/57804/54107/5435/5436/5437/10622/7083/7296/7298/10714/129607/56474/56953/23649/83549/7378/124583/1841/955/56655/5434/4907/87178/84172/5432/6241/5424/5426/5427/1503/4833/661/5558/6240/953/9583/10201/11128/10621/957/5438/5441/221830/1890/7371/5430/956/55718/171568/4831/5425/1633/4860/10587/318/115024/7372/548644/51728/100526794/93034/51082/5431/5167,75
hsa05231,Choline metabolism in cancer,71/4061,99/7241,0.00092849395466355,0.00380308992816099,0.00228568545274223,1956/5894/3845/3725/5601/80310/5295/5337/207/9162/8525/5155/5156/23396/6199/10163/2885/6198/56994/2353/5605/56034/5291/5604/8605/8394/5879/6009/8527/5578/5599/5880/2475/4893/8976/5154/6667/10000/8613/3091/5594/5170/5290/5579/7249/208/8611/7248/5130/160851/6655/1978/255189/5335/5296/56261/5293/8503/3265/10434/5900/5338/23446/5602/5159/6654/283748/5321/5595/8526/5881,71
hsa04664,Fc epsilon RI signaling pathway,51/4061,68/7241,0.000928807441201034,0.00380308992816099,0.00228568545274223,5894/3845/5601/5295/207/3562/3635/6416/7409/2885/9846/5605/5291/5604/8605/4067/10451/5879/7410/5578/5599/5880/5609/4893/5336/3596/10000/5594/1432/5170/5290/5606/208/6655/255189/5335/5296/5293/8503/3265/6850/7124/5602/6654/2534/283748/5321/5595/5881/241/5608,51
hsa05164,Influenza A,117/4061,173/7241,0.00111774196814576,0.00451567755130887,0.00271395593669076,355/5894/29110/3717/3303/3725/6041/3716/5601/1386/10625/5295/7099/207/842/6347/9451/356/3305/64135/3458/3460/3592/6416/4790/8480/91543/103/3267/5045/3836/5611/1965/3306/51135/7514/54205/27102/5605/55916/4939/5291/5970/5604/3383/3337/2932/9641/4615/8797/3455/5610/5578/3838/5599/114548/60/3569/5609/6773/8795/1387/2224/11100/7132/9021/10000/3304/6352/3312/3454/5594/1432/57506/4928/5290/5579/51284/7416/5606/208/3627/3553/3456/2033/3310/8793/8106/7098/3576/7919/5296/3552/3109/5293/8503/71/23586/3459/7124/5602/148022/8743/3122/29107/3606/3551/3113/10379/4792/5595/5371/293/4261/56649/7706/5608,117
hsa03430,Mismatch repair,20/4061,23/7241,0.00168956290316444,0.00673602052182665,0.00404839864608654,4436/3978/5111/57804/6119/6118/10714/2956/5984/9156/5424/5985/5982/6117/4437/5983/5425/5981/4292/27030,20
hsa05162,Measles,92/4061,134/7241,0.0017978076237786,0.00707448974032356,0.00425182117448663,1021/355/6774/27113/1027/29110/3717/595/3303/51209/3716/5295/7099/207/940/1017/9451/356/3305/64135/3458/3460/3592/4790/6504/7128/103/4179/898/6885/1965/3306/3654/51135/4478/27102/4939/5291/5970/6776/6777/1019/2932/9641/4615/8797/3455/7097/5610/896/1457/3569/6773/8795/3596/23118/10000/894/9134/1147/3304/7157/3312/3454/57506/5290/51284/208/3553/3456/3310/8793/5296/3552/5293/8503/23586/3459/10399/7161/8743/2534/3558/10379/4792/915/7189/8667/3559/3560/9367/4068,92
hsa05016,Huntington's disease,128/4061,193/7241,0.00211620393772781,0.00822063837348112,0.00494066506379098,317/27113/5433/2776/10105/836/841/842/1211/9167/1351/10126/3064/4694/4698/4707/54539/4710/4711/374291/4728/5330/5332/5435/5436/5437/6390/6875/7385/51164/160/518/1385/83544/5468/54205/27089/4697/5434/6391/7052/6648/1173/341947/4716/7417/1213/5432/23186/25942/10488/1742/8701/506/1340/1770/4508/4512/4513/4514/1387/4696/4725/3066/6667/3708/9519/7157/1349/3092/5978/6389/7019/7386/7416/9377/7384/7381/498/292/10975/2033/100532726/51079/163/522/1327/64764/3065/4701/4731/5438/5441/161/1639/5430/6874/55967/7802/9001/4708/4719/29796/6392/581/4718/627/1337/4519/4695/4712/293/539/1350/4726/2876/291/4705/8632/548644/2904/4899/23236/10540/5431/509/10891/9586,128
hsa04657,IL-17 signaling pathway,66/4061,93/7241,0.00215713849537222,0.00827133499480986,0.00497113411187113,29110/1051/7184/3725/5601/4318/836/841/6347/6354/6372/3458/55540/84818/4790/6278/7128/7187/6885/2353/6374/8772/5970/5743/4312/4322/2932/9641/3320/23765/3326/5599/3569/5597/3596/23118/1147/8517/6426/5594/1432/10758/6364/3627/3553/1673/100289462/9618/51433/3576/1994/257397/7124/5602/2920/2354/6361/29761/3727/3551/5598/4792/5595/7189/7188/2919,66
hsa05120,Epithelial cell signaling in Helicobacter pylori infection,50/4061,68/7241,0.00218385082371217,0.00827133499480986,0.00497113411187113,1956/5058/3725/5601/537/9114/523/836/58494/6416/4790/9550/1839/28964/5970/5803/4067/6714/4233/102/528/51606/5879/7082/998/5599/9296/5336/1147/8517/8992/6352/9020/1432/6868/3577/155066/5335/3576/534/5781/127124/529/5602/526/3551/4792/50848/2919/23545,50
hsa04392,Hippo signaling pathway -multiple species,24/4061,29/7241,0.00234994794179028,0.00879054600447474,0.00528318380675397,5058/10413/9113/54798/7005/60485/6788/166824/79633/9770/23286/4771/25937/1454/122786/92597/8994/26524/55233/7004/84962/11186/8463/126374,24
hsa05010,Alzheimer's disease,114/4061,171/7241,0.00277501432565111,0.010254016349662,0.00616274041511736,317/355/23621/2776/23385/488/779/836/840/841/842/8851/9167/1351/9451/4311/4694/4698/4707/54539/4710/4711/374291/4728/5330/5332/5534/6263/6390/7385/518/351/54205/27089/808/824/8772/3416/4697/6391/6622/5663/57142/341947/4716/102/1020/2932/4023/10313/83464/506/1340/4508/4512/4513/4514/4696/4725/7132/801/3708/1349/2597/5594/6389/7386/9377/7384/637/3553/7381/6868/498/10975/100532726/8883/51079/522/1327/3028/3710/4701/4731/2081/55967/5532/805/2906/5530/7124/4035/4708/4719/29796/6392/4718/1337/4519/4695/4712/5595/22926/539/1350/4726/4705/91860/2904/23236/509/25825/775/823,114
hsa04070,Phosphatidylinositol signaling system,68/4061,97/7241,0.00307100189287737,0.0112110069101427,0.00673789888988946,5728/5286/5295/10423/9162/8525/3632/3633/3635/23396/5330/5332/64768/9110/8867/90809/3612/8396/51196/808/5291/3636/8394/54928/8527/5578/55529/3706/79837/9807/5336/64419/801/8760/3708/8897/4952/55300/23262/3707/5290/5305/5579/200576/27124/51763/160851/3710/8776/5335/5297/5296/117283/5287/805/5293/8503/253430/8821/1040/9107/3631/5298/55361/8526/8871/91860/23236,68
hsa00062,Fatty acid elongation,21/4061,25/7241,0.00314721644790473,0.0113524593299421,0.00682291285072079,6785/79993/10449/54898/3033/5538/64834/60481/122970/11332/51144/51102/3032/10965/79071/401494/3030/51495/1892/201562/9524,21
hsa05168,Herpes simplex infection,122/4061,185/7241,0.00358813685754572,0.0127906525627806,0.00768727772576358,355/29110/3717/3725/6041/3716/5601/9575/1616/2969/3190/8863/6502/6877/7874/718/836/841/6347/1017/9451/356/64135/3458/3460/3592/4790/25833/6875/51616/7185/7187/6732/6878/6885/54926/1965/2353/3600/5499/5500/54205/27102/8772/4939/5970/3105/9641/4615/27097/3455/10629/7097/708/5610/3434/112950/83860/727/5599/1457/3569/6773/1387/3107/6427/7132/9021/23118/983/1147/29915/8517/6426/6884/9519/7157/6352/3454/57506/5187/3553/8864/3456/5501/2033/6431/10454/3106/3054/3133/6430/7098/3134/5430/6874/3135/6432/8683/3109/23586/5781/3459/7124/5602/148022/29997/3122/1936/6428/3551/3113/10379/4792/5371/10445/10189/7189/3150/7188/6500/8740,122
hsa04380,Osteoclast differentiation,87/4061,128/7241,0.00372161226701223,0.0131121920570315,0.00788052536344083,7048/1435/7046/3725/3716/5601/5295/7040/7042/4982/207/29760/814/3458/3460/23547/4790/5534/5971/8792/2885/1385/6885/2353/9846/3554/5468/5291/5970/8878/5604/1436/3726/5879/8651/6688/3455/5599/4791/3690/5609/5336/6773/7132/9021/23118/10000/1147/1540/8517/126014/3454/9020/5594/1432/5290/140885/208/3553/3456/10454/5296/3552/5532/5293/8503/2274/11027/5530/3459/6850/7124/5602/2354/4286/1535/2534/10990/3727/3551/10379/4792/2355/5595/7189/799/5608,87
hsa01523,Antifolate resistance,25/4061,31/7241,0.00376910632490653,0.0131268875453641,0.00788935746169182,9429/2350/8836/4790/7298/4524/4363/5970/10257/2348/6470/6472/3569/1147/8517/3553/6573/8714/1719/200895/7124/2356/113235/3551/2618,25
hsa04062,Chemokine signaling pathway,120/4061,182/7241,0.00389050619706538,0.0133792950133642,0.00804105623523364,6774/2771/5058/5894/3845/2309/3717/115/59345/5295/5747/207/408/6347/10850/6354/1235/10563/6372/4283/7852/10663/2784/10681/4790/5330/5332/5908/7409/2885/5567/2782/1399/1398/6374/5291/5970/2773/5604/4067/6714/6777/2770/10451/6464/10803/2932/5879/387/7410/998/5880/2787/2931/4893/6773/8976/5906/10000/1147/55970/8517/5580/6346/6352/157/131890/5594/56288/5290/5579/208/6364/1230/1236/3627/7074/25759/3577/6655/6355/58191/2788/5829/53358/3576/5296/414062/6349/6093/6373/9475/5293/8503/2870/409/6367/156/3265/1234/6348/2920/2185/6654/6361/1233/6387/3551/3702/4792/107/5595/729230/2783/2786/23236/2919/399694/113/643,120
hsa03018,RNA degradation,55/4061,77/7241,0.00392989193461852,0.0133792950133642,0.00804105623523364,7832/55802/255967/694/10438/4850/1656/22894/27257/27258/5214/23517/10950/80153/115752/8761/64282/5073/9337/23404/80349/25904/87178/9652/57472/4849/6499/10766/246175/29883/10140/3329/23019/4848/167227/23644/2023/118460/51690/11044/5213/54464/219988/26986/9125/51013/5394/9924/22803/25804/5042/5211/28960/131870/132430,55
hsa04310,Wnt signaling pathway,96/4061,143/7241,0.00423475886983828,0.0142570215284555,0.00856857642669032,7471/595/4609/3725/89780/5601/324/1452/23002/166336/79718/7474/1857/7855/2239/5330/5332/5534/8607/6424/81839/57216/5567/4089/8313/6885/56998/8321/8322/8324/51701/144165/6907/6932/7473/817/4040/7479/51384/7472/8945/5663/1499/27123/1856/83439/122011/2932/5879/387/4088/5578/896/51176/5599/5880/25805/8325/1457/8326/1387/894/1454/8323/7157/5579/6934/1487/23401/2033/54361/8312/5467/9978/7482/23291/4316/7480/5532/9475/59343/2535/6422/5530/11197/80319/5602/80326/816/57680/6477/5881/23236/27101/6500/7483,96
hsa00562,Inositol phosphate metabolism,51/4061,71/7241,0.00448781041895206,0.01494292919717,0.00898081205874732,5728/7167/5286/10423/3632/3633/3635/5294/23396/5330/5332/9651/64768/9110/8867/3612/8396/51196/5291/3636/8394/54928/3706/79837/9562/5336/64419/8897/4952/55300/3707/5290/5305/4329/200576/27124/51763/8776/5335/5297/5287/5293/253430/8821/9107/3631/5298/55361/8871/23236/55586,51
hsa04064,NF-kappa B signaling pathway,66/4061,95/7241,0.00494877534979686,0.0162986840324831,0.00979563084113107,596/23085/10892/142/7099/29760/79092/4790/5971/7128/8792/7185/7187/29775/6885/3554/3654/51135/5328/353376/10673/8837/5970/5743/4067/3383/84433/4615/7412/8915/330/4791/598/1457/5336/7132/331/23118/1147/8517/9020/5579/3553/472/55367/10454/5335/115650/3576/23586/257397/6850/7124/148022/2920/958/6387/3929/3551/7329/4792/7189/7188/7706/114609/8740,66
hsa01212,Fatty acid metabolism,36/4061,48/7241,0.00520313360531827,0.016952144972166,0.01018836574669,38/10449/34/35/36/54898/9415/3033/5538/2180/60481/3992/6319/2181/1374/51144/51102/2182/3032/51/2194/79071/30/31/39/401494/3030/79966/51495/1892/51703/201562/9524/33/23205/1375,36
hsa04912,GnRH signaling pathway,64/4061,92/7241,0.00534540487159535,0.0171083696259274,0.0102822579304688,1956/5894/3845/115/3725/5601/2776/4214/10746/5337/779/2798/6416/5330/5332/2885/5567/2796/1839/808/817/5605/5604/8605/6714/4215/2002/2778/998/5578/5599/5609/4893/801/3708/5580/5594/1432/4313/5579/5606/6655/3710/4216/255189/805/3265/4323/5338/5602/2185/6654/816/283748/5598/468/5321/107/5595/91860/23236/113/775/5608,64
hsa00270,Cysteine and methionine metabolism,34/4061,45/7241,0.00538602412293565,0.0171083696259274,0.0102822579304688,7263/586/4507/55256/1491/4144/27430/4190/6611/1786/1789/6723/262/2729/10768/58478/3945/1788/4357/23382/3939/2730/23743/587/875/2806/4548/191/2937/2805/4191/64902/160287/84245,34
hsa04213,Longevity regulating pathway - multiple species,45/4061,62/7241,0.00542047354484827,0.0171083696259274,0.0102822579304688,3845/2309/115/3480/3303/1979/5295/5565/207/3305/3643/6199/5567/6198/3306/5563/23411/3667/8660/5291/2308/6648/847/2475/4893/3479/8471/3066/10000/3304/5562/3312/5290/208/3310/3065/5296/9474/5293/8503/3265/81570/107/113/5564,45
hsa04215,Apoptosis - multiple species,26/4061,33/7241,0.00564850982214008,0.017644314186685,0.010604364614544,596/317/27113/10018/5601/836/840/841/842/56616/5366/54205/8772/578/330/5599/598/7132/331/637/332/8678/5602/581/4804/5414,26
hsa04370,VEGF signaling pathway,43/4061,59/7241,0.00575151334088792,0.0177827402274392,0.0106875596989647,5894/3845/7422/5295/5747/207/842/5534/5605/5291/5604/8605/5743/6714/5879/998/5578/5880/4893/5336/10000/9261/5594/1432/5290/5579/208/25759/255189/5335/5829/5296/5532/5293/8503/3265/5530/3791/283748/4846/5321/5595/5881,43
hsa00100,Steroid biosynthesis,17/4061,20/7241,0.00639186384993956,0.0195629772376938,0.0117574954390169,1591/1594/2222/1718/3988/6646/1595/51478/50814/7108/6307/6713/10826/10682/1717/4047/6309,17
hsa04620,Toll-like receptor signaling pathway,71/4061,104/7241,0.00709686910061249,0.0215035133748559,0.0129237721516417,29110/3725/5601/5295/7099/207/841/4283/3592/6416/4790/7096/7187/54472/6885/2353/3654/51135/353376/8772/5605/5291/5970/5604/9641/4615/5879/3455/7097/5599/1326/3569/5609/23118/10000/1147/8517/6352/3454/5594/1432/5290/51284/5606/208/3627/3553/3456/10454/7098/3576/5296/414062/6349/6373/5293/8503/7124/5602/148022/6348/958/10333/3929/3551/4792/5595/7189/7100/114609/5608,71
hsa01040,Biosynthesis of unsaturated fatty acids,19/4061,23/7241,0.00720541288380814,0.0216162386514244,0.0129915208848234,54898/9415/60481/3992/6319/122970/11332/51144/51/10965/79071/30/401494/3030/79966/51495/570/201562/9524,19
hsa03440,Homologous recombination,31/4061,41/7241,0.00765878403946686,0.0227510937642986,0.0136735772840843,5889/672/57804/8438/6119/7979/7516/6118/10714/5888/580/641/675/83990/146956/4683/25788/11073/80198/5932/5424/6117/472/29086/5892/79184/79728/5425/7156/4361/7517,31
hsa05100,Bacterial invasion of epithelial cells,53/4061,76/7241,0.00998876202340959,0.0293844164377971,0.0176602537562581,63916/2549/5295/5747/10092/857/858/23624/999/1211/2335/10163/3678/1399/1398/3688/5291/6714/1499/4233/55752/6464/10094/1213/1495/5879/387/998/60/867/7414/8976/23607/4735/79658/10109/5290/25759/2017/1785/5829/53358/5296/26084/5293/8503/71/391/1793/3611/23176/10801/399694,53
hsa04216,Ferroptosis,30/4061,40/7241,0.0105248746239221,0.0306638174139267,0.0184291832989728,2879/3162/440738/6520/23657/6303/2180/81631/5621/64116/2181/7417/2729/23516/2182/10533/4891/5094/2730/7157/2495/5093/55240/9474/7037/2937/246/8031/51703/112483,30
hsa00280,"Valine, leucine and isoleucine degradation",35/4061,48/7241,0.0121549291249162,0.0350756526176154,0.0210807292091279,38/586/10449/34/35/36/316/3033/5019/5095/5096/197322/223/1629/11112/3157/224/4594/3032/64087/3712/501/4329/30/39/587/3030/3028/27034/549/1892/219/3155/593/64902,35
hsa03022,Basal transcription factors,33/4061,45/7241,0.0128975211207183,0.0368674424488458,0.0221576082808766,2965/2957/2969/6872/6877/2958/4331/6875/51616/6878/2071/8148/6873/2960/27097/10629/83860/6879/6884/9519/2068/728340/2967/6883/6880/129685/6874/2961/6882/1022/2959/2962/404672,33
hsa04920,Adipocytokine signaling pathway,48/4061,69/7241,0.0148685722964383,0.0419452689864977,0.0252094199571447,5465/6774/3717/5601/5565/207/948/4790/4794/6257/6794/10645/2180/5563/3667/8660/5970/2181/1374/2182/79602/5599/2475/8471/7132/9021/10000/1147/8517/5562/208/6517/5781/2538/7124/5602/51703/92579/6256/3551/5106/4792/7133/9370/23205/1375/5564/10891,48
hsa03010,Ribosome,100/4061,154/7241,0.0149507889456824,0.0419452689864977,0.0252094199571447,55173/29074/29093/64960/51021/51116/6158/6170/6176/6155/28998/124995/6138/63931/54948/51073/64965/9801/6182/6142/6122/6207/6229/6192/7311/6160/6194/6134/6136/6157/6181/6232/3921/9045/25873/6193/64968/100526842/6139/6144/6167/6129/6210/6233/6156/6204/6201/6137/23521/6231/51373/6128/2197/51069/11222/64983/65005/54460/6135/6146/6152/6130/6132/6133/6208/6209/6228/6230/6234/6189/6202/6218/6175/6203/64981/6206/9349/6187/64963/6188/6143/6159/6161/6124/6125/6227/6191/6224/6141/6154/6168/55168/6147/6222/6171/51318/6217/63875/51187/64979,100
hsa03410,Base excision repair,25/4061,33/7241,0.0156519644748529,0.0435095893200039,0.0261495881617532,142/3978/143/5111/57804/54107/10714/2237/55247/6996/7374/56655/3146/5424/5426/5427/8930/328/4350/4913/5425/7515/252969/27343/10038,25
hsa05145,Toxoplasmosis,75/4061,113/7241,0.0159841579594274,0.0440290896518773,0.0264618117414444,596/6774/2771/3717/3303/3716/5601/10105/7040/7042/7099/207/836/841/842/3305/3458/3460/3592/3909/4790/5294/3949/6885/3306/3654/51135/3688/54205/3918/5970/2773/2770/4615/8651/7097/330/5599/598/3586/7132/331/23118/10000/1147/3304/8517/3915/3312/5594/1432/5170/5606/208/4843/3588/10454/3310/3109/3459/1234/7124/5602/958/3655/3122/3551/3113/4792/5595/3912/4261/7189/3911/5608,75
hsa03460,Fanconi anemia pathway,39/4061,55/7241,0.0170833662098948,0.0461975702560168,0.0277650847812781,5889/672/55215/51455/5980/2176/80010/6119/6118/5888/641/675/83990/146956/2072/57697/7398/51426/80198/2175/2177/2178/2189/6117/57599/545/91442/3280/11201/84464/9894/2188/55120/5429/79728/7156/80233/4292/2067,39
hsa05130,Pathogenic Escherichia coli infection,39/4061,55/7241,0.0170833662098948,0.0461975702560168,0.0277650847812781,7846/7534/7099/10092/999/3688/7430/1499/10094/9076/387/998/5578/10376/60/7280/8976/100506658/10383/10971/203068/10109/3875/2017/4691/84790/347733/10381/6093/9475/71/81027/25/2534/8440/9181/84617/7100/4690,39
hsa00071,Fatty acid degradation,32/4061,44/7241,0.0172287968281515,0.0461975702560168,0.0277650847812781,38/10449/34/35/36/1579/284541/3033/2180/223/224/2181/128/1374/2182/3032/501/51/1632/10455/30/39/3030/1892/51703/124/126/219/125/33/23205/1375,32
